,R_MKT,CSMB,CLMW,CIHML
R_MKT,1.0,0.05994967396619786,0.3041871456278966,0.1770113923868555
CSMB,0.05994967396619786,1.0,-0.14734859642402326,0.3943011985725214
CLMW,0.3041871456278966,-0.14734859642402326,1.0,-0.13479982924151498
CIHML,0.1770113923868555,0.3943011985725214,-0.13479982924151498,1.0
