Model,R2_Score,Mean_Squared_Error,Test_Set_Size
OLS_Benchmark,-0.016655852686434214,0.002889753496184779,1229
RandomForest,-0.006473714072666725,0.002860811676216869,1229
