,Mean Return (Daily),Volatility (Daily σ),Sharpe Ratio (Annualized)
R_MKT,-0.0004006435604612015,0.025741033093041203,-0.29735731458399856
CSMB,0.0012391165371065896,0.014882618657279677,1.5906668541812177
CLMW,-0.002851876525670696,0.026618292334935772,-2.0469015755956996
CIHML,9.550091045264472e-05,0.02124034309103353,0.08589985220683227
